公司名稱,統編
臺灣水泥股份有限公司,11913502
亞洲水泥股份有限公司,03244509
嘉新水泥股份有限公司,11892801
環球水泥股份有限公司,07568009
幸福水泥股份有限公司,40601248
信大水泥股份有限公司,03279507
東南水泥股份有限公司,83078600
味全食品工業股份有限公司,11347802
味王股份有限公司,07067309
大成長城企業股份有限公司,73008303
大西洋飲料股份有限公司,35012903
台灣卜蜂企業股份有限公司,36514783
統一企業股份有限公司,73251209
愛之味股份有限公司,65534366
泰山企業股份有限公司,59661701
福壽實業股份有限公司,56192402
台榮產業股份有限公司,03543210
福懋油脂股份有限公司,22102298
佳格食品股份有限公司,22102473
聯華實業控股股份有限公司,11996904
聯華食品工業股份有限公司,07569627
大統益股份有限公司,20927014
天仁茶業股份有限公司,18559415
黑松股份有限公司,20651901
興泰實業股份有限公司,85617982
宏亞食品股份有限公司,34106066
鮮活控股股份有限公司,
台灣塑膠工業股份有限公司,
南亞塑膠工業股份有限公司,75370905
台灣聚合化學品股份有限公司,11917107
華夏海灣塑膠股份有限公司,11686106
三芳化學工業股份有限公司,83387850
亞洲聚合股份有限公司,20747385
台達化學工業股份有限公司,11893409
台灣苯乙烯工業股份有限公司,20844865
國喬石油化學股份有限公司,04212250
聯成化學科技股份有限公司,04748660
中國石油化學工業開發(股)公司,03084741
達新工業股份有限公司,51059101
上曜建設開發股份有限公司,73654033
東陽實業廠股份有限公司,68326665
大洋塑膠工業股份有限公司,15024509
永裕塑膠工業股份有限公司,68192103
地球綜合工業股份有限公司,07147916
恒大股份有限公司,11455800
台灣化學纖維股份有限公司,
亞洲塑膠再生資源控股有限公司,
廣華控股有限公司,
昭輝實業股份有限公司,22078327
勝悅新材料有限公司,
富林塑膠工業(開曼)控股(股)公司,
八貫企業股份有限公司,12386676
遠東新世紀股份有限公司,03522600
新光合成纖維股份有限公司,07435515
南洋染整股份有限公司,35286207
宏洲纖維工業股份有限公司,07220710
東和紡織股份有限公司,73141105
廣豐實業股份有限公司,43434316
嘉裕股份有限公司,11825825
東華龍股份有限公司,11083148
新光紡織股份有限公司,07435901
利華羊毛工業股份有限公司,11311608
大魯閣實業股份有限公司,04690983
福懋興業股份有限公司,14001199
中福國際(股)公司,03101946
華友聯開發股份有限公司,07510318
勤益投資控股股份有限公司,35535607
三地開發地產股份有限公司,03561011
雋揚國際股份有限公司,11113403
臺南紡織股份有限公司,68919301
大東紡織股份有限公司,51037304
名軒開發股份有限公司,04615057
立益物流開發股份有限公司,04287483
力麗企業股份有限公司,07663290
大宇紡織股份有限公司,07015014
宏和精密紡織股份有限公司,73641170
力鵬企業股份有限公司,33955322
佳和實業股份有限公司,72055019
年興紡織股份有限公司,22266307
宏益纖維工業股份有限公司,43121481
大將開發股份有限公司,07617901
台灣富綢纖維股份有限公司,04301794
集盛實業股份有限公司,43295237
怡華實業股份有限公司,33144175
宜進實業股份有限公司,07669338
聯發紡織纖維股份有限公司,33653494
宏遠興業股份有限公司,22817999
強盛新股份有限公司,07715023
得力實業股份有限公司,73686632
偉全實業股份有限公司,33700601
聚隆纖維股份有限公司,22976047
南緯實業股份有限公司,69559487
昶和纖維興業股份有限公司,36123364
大統新創股份有限公司,22267777
首利實業股份有限公司,07699023
三洋實業股份有限公司,07029919
台南企業股份有限公司,
弘裕企業股份有限公司,58003997
台灣業旺股份有限公司,23912057
儒鴻企業股份有限公司,35884479
聚陽實業股份有限公司,23609668
士林電機廠股份有限公司,11039306
東元電機股份有限公司,11332202
正道工業股份有限公司,68193807
瑞利企業股份有限公司,27363047
中興電工機械股份有限公司,33029464
亞力電機股份有限公司,03213392
力山工業股份有限公司,55759180
川飛能源股份有限公司,22071751
利奇機械工業股份有限公司,59008318
華城電機股份有限公司,33284077
大億交通工業製造股份有限公司,69408876
堤維西交通工業股份有限公司,22269487
耿鼎企業股份有限公司,22081250
江申工業股份有限公司,35129100
日馳企業股份有限公司,11099726
鑽全實業股份有限公司,20982120
恩德科技股份有限公司,11551634
樂事綠能科技股份有限公司,34211074
亞崴機電股份有限公司,22224692
高林股份有限公司,29538509
勤美股份有限公司,03474311
車王電子股份有限公司,04827138
中宇環保工程股份有限公司,84252401
和大工業股份有限公司,52264848
廣隆光電科技股份有限公司,23556563
正峰工業股份有限公司,44947686
巨庭機械股份有限公司,52646207
喬福機械工業股份有限公司,52903090
錩泰工業股份有限公司,23248433
伸興工業股份有限公司,55754185
中國砂輪企業股份有限公司,03089008
巧新科技工業股份有限公司,84980915
倉佑實業股份有限公司,66654986
信錦企業股份有限公司,35966577
程泰機械股份有限公司,52353530
吉茂精密股份有限公司,24157564
永冠能源科技集團有限公司,
亞德客國際集團,
直得科技股份有限公司,16755427
岱宇國際股份有限公司,23751545
中華電線電纜股份有限公司,35882520
聲寶股份有限公司,03607500
華新麗華股份有限公司,35412204
華榮電線電纜股份有限公司,79460007
大亞電線電纜股份有限公司,68035907
中國電器股份有限公司,03086001
宏泰電工股份有限公司,43125162
台灣三洋電機股份有限公司,03564501
大山電線電纜股份有限公司,64829434
億泰電線電纜股份有限公司,22819700
榮星電線工業股份有限公司,73341336
合機電線電纜股份有限公司,23206102
艾美特(開曼)國際有限公司,
南僑投資控股股份有限公司,07305506
葡萄王生技股份有限公司,11880517
東南實業股份有限公司,11384405
和益化學工業股份有限公司,04312878
東聯化學股份有限公司,14057995
臺灣永光化學工業股份有限公司,15458455
興農股份有限公司,51911712
國泰化工廠股份有限公司,03375001
和桐化學股份有限公司,12526607
長興材料工業股份有限公司,75339004
中國人造纖維股份有限公司,07066907
生達化學製藥股份有限公司,71122503
三晃股份有限公司,55738290
台灣肥料股份有限公司,03795101
中鋼碳素化學股份有限公司,23221384
元禎企業股份有限公司,12132033
永記造漆工業股份有限公司,75137605
臺灣中華化學工業股份有限公司,03558206
花仙子企業股份有限公司,07708830
美吾華股份有限公司,14089976
毛寶股份有限公司,34245356
五鼎生物技術股份有限公司,16130182
杏輝藥品工業股份有限公司,42042734
日勝化工股份有限公司,23263551
喬山健康科技股份有限公司,52347361
臺鹽實業股份有限公司,89397503
南光化學製藥股份有限公司,69275313
寶齡富錦生技股份有限公司,04742997
中化合成生技股份有限公司,03088704
勝一化工股份有限公司,75970680
展宇科技材料股份有限公司,47061800
和康生物科技股份有限公司,16749811
科妍生物科技股份有限公司,13159100
台灣神隆股份有限公司,16130161
美時化學製藥股份有限公司,11456110
台灣玻璃工業股份有限公司,11914002
寶徠建設股份有限公司,12179563
冠軍建材股份有限公司,49701774
潤隆建設股份有限公司,34149369
中國製釉股份有限公司,47056834
和成欣業股份有限公司,03228304
凱撒衛浴股份有限公司,22746550
士林紙業股份有限公司,11038101
正隆股份有限公司,33085508
中華紙漿股份有限公司,94025264
寶隆國際股份有限公司,12030606
永豐餘投資控股股份有限公司,85066002
榮成紙業股份有限公司,34202841
中國鋼鐵股份有限公司,30414175
東和鋼鐵企業股份有限公司,75280209
燁興企業股份有限公司,75992214
高興昌鋼鐵股份有限公司,75466009
第一伸銅科技股份有限公司,82001528
春源鋼鐵工業股份有限公司,11529802
春雨工廠股份有限公司,88187108
中國鋼鐵結構股份有限公司,85800192
中鴻鋼鐵股份有限公司,07838854
豐興鋼鐵股份有限公司,55389357
官田鋼鐵股份有限公司,72065240
美亞鋼管廠股份有限公司,44680700
聚亨企業股份有限公司,79841479
燁輝企業股份有限公司,75947936
志聯工業股份有限公司,43633504
千興不銹鋼(股)公司,70005915
大成不銹鋼工業股份有限公司,22318348
威致鋼鐵工業股份有限公司,69771636
盛餘股份有限公司,79837539
彰源企業股份有限公司,60330130
新光鋼鐵股份有限公司,35836625
新鋼工業股份有限公司,34008635
佳大世界股份有限公司,72072615
允強實業股份有限公司,59068700
海光企業股份有限公司,75470524
上銀科技股份有限公司,23503047
川湖科技股份有限公司,22274989
橋椿金屬股份有限公司,59353423
運錩鋼鐵股份有限公司,22533297
南港輪胎股份有限公司,11520909
泰豐輪胎股份有限公司,44721408
台橡股份有限公司,03553737
國際中橡投資控股股份有限公司,04382114
正新橡膠工業股份有限公司,59504506
建大工業股份有限公司,59619900
厚生股份有限公司,03283306
南帝化學工業股份有限公司,12209807
華豐橡膠工業股份有限公司,59760104
鑫永銓股份有限公司,51704734
六暉控股股份有限公司,54982599
裕隆汽車製造股份有限公司,03489200
中華汽車工業股份有限公司,03098415
三陽工業股份有限公司,24004006
和泰汽車股份有限公司,03251108
台灣國際造船股份有限公司,04695235
長榮鋼鐵股份有限公司,81188829
裕隆日產汽車股份有限公司,80032530
劍麟股份有限公司,04359789
為升電裝工業股份有限公司,23219346
宇隆科技股份有限公司,22702791
百達精密工業股份有限公司,
開曼英利工業股份有限公司,
艾姆勒科技股份有限公司,53418357
宏旭控股股份有限公司,55996613
汎德永業汽車股份有限公司,20838245
華勝汽車電子股份有限公司,42943050
第一化成控股(開曼)股份有限公司,
巨鎧精密工業股份有限公司,54297090
鴻華先進科技股份有限公司,83167722
光寶科技股份有限公司,23357403
麗正國際科技股份有限公司,04982433
聯華電子股份有限公司,47217677
全友電腦股份有限公司,47226140
台達電子工業股份有限公司,34051920
金寶電子工業股份有限公司,04370927
華通電腦股份有限公司,04401392
台揚科技股份有限公司,47255762
楠梓電子股份有限公司,76026851
鴻海精密工業股份有限公司,04541302
東訊股份有限公司,47224065
中環股份有限公司,12205020
仁寶電腦工業股份有限公司,21222725
國巨股份有限公司,22636630
廣宇科技股份有限公司,03546618
華泰電子股份有限公司,89004161
台灣積體電路製造股份有限公司,22099131
精英電腦股份有限公司,22449566
友訊科技股份有限公司,22099189
旺宏電子股份有限公司,22099548
台灣光罩股份有限公司,22099408
台亞半導體股份有限公司,47255947
台灣茂矽電子股份有限公司,22099110
華邦電子股份有限公司,22099218
智邦科技股份有限公司,22099287
聯強國際股份有限公司,23060541
海悅國際開發股份有限公司,22624873
錸德科技股份有限公司,23218873
順德工業股份有限公司,58506816
佳世達科技股份有限公司,12490306
宏碁股份有限公司,20828393
鴻準精密工業股份有限公司,23707801
敬鵬工業股份有限公司,43816068
英業達股份有限公司,04322046
華碩電腦股份有限公司,23638777
所羅門股份有限公司,23640801
致茂電子股份有限公司,09461025
藍天電腦股份有限公司,09424319
矽統科技股份有限公司,22099202
倫飛電腦實業股份有限公司,79883646
昆盈企業股份有限公司,05141520
燿華電子股份有限公司,05637971
金像電子(股)公司,30955404
菱生精密工業股份有限公司,55625676
大同股份有限公司,11026506
震旦行股份有限公司,03568400
佳能企業股份有限公司,11394902
凱美電機股份有限公司,34230543
技嘉科技股份有限公司,22044755
微星科技股份有限公司,22178368
瑞昱半導體股份有限公司,22671299
虹光精密工業股份有限公司,22099759
廣達電腦股份有限公司,22822281
台光電子材料股份有限公司,86521351
群光電子股份有限公司,20954200
精元電腦股份有限公司,86244265
威盛電子股份有限公司,86870786
云辰電子開發股份有限公司,34412092
正崴精密工業股份有限公司,22223510
億光電子工業股份有限公司,34516147
研華股份有限公司,05155853
友通資訊股份有限公司,30950652
映泰股份有限公司,23826200
凌陽科技股份有限公司,23821182
毅嘉科技股份有限公司,23588039
漢唐集成股份有限公司,20938096
輔信科技股份有限公司,20980880
國碩科技工業股份有限公司,97178376
南亞科技股份有限公司,89390656
友達光電股份有限公司,84149738
中華電信股份有限公司,96979933
環隆科技股份有限公司,52878846
精技電腦股份有限公司,12215548
錩新科技股份有限公司,44913118
圓剛科技股份有限公司,23611974
仲琦科技股份有限公司,22029190
新巨企業股份有限公司,20970807
建準電機工業股份有限公司,81448796
固緯電子實業股份有限公司,04735004
隴華電子股份有限公司,04926876
承啟科技股份有限公司,22332192
鼎元光電科技股份有限公司,22434156
三商電腦股份有限公司,31275691
興勤電子工業股份有限公司,83639504
銘旺科技股份有限公司,12206203
燦坤實業股份有限公司,69568009
聯昌電子企業股份有限公司,35568331
倚天酷碁股份有限公司,22089345
互盛股份有限公司,12516241
統懋半導體股份有限公司,22404266
偉詮電子股份有限公司,22099499
翔耀實業股份有限公司,12364770
美律實業股份有限公司,52375605
太空梭高傳真資訊科技(股)公司,01887370
超豐電子股份有限公司,05126366
新美齊股份有限公司,22006274
兆勁科技股份有限公司,89549446
京元電子股份有限公司,22507241
神腦國際企業股份有限公司,12228473
創見資訊股份有限公司,23446187
凌群電腦股份有限公司,04967550
聯發科技股份有限公司,80540330
全新光電科技股份有限公司,97170472
飛宏科技股份有限公司,30435973
義隆電子股份有限公司,84149224
敦吉科技股份有限公司,20863763
建通精密工業股份有限公司,84433564
光群雷射科技股份有限公司,22099322
台灣良得電子股份有限公司,04877657
盟立自動化股份有限公司,22099478
麗臺科技股份有限公司,22325002
冠西電子企業股份有限公司,34348590
志聖工業股份有限公司,07618057
華經資訊企業股份有限公司,12115702
資通電腦股份有限公司,20873360
立隆電子工業股份有限公司,52358985
可成科技股份有限公司,69905810
鉅祥企業股份有限公司,04403568
美隆工業股份有限公司,33750329
大毅科技股份有限公司,23534301
敦陽科技股份有限公司,84218848
強茂股份有限公司,22145016
連宇股份有限公司,38430938
百容電子股份有限公司,52753108
希華晶體科技股份有限公司,22771229
兆赫電子股份有限公司,12320400
一詮精密工業股份有限公司,35866232
漢平電子工業股份有限公司,68889236
瑞軒科技股份有限公司,84929896
吉祥全球實業股份有限公司,89380545
華新科技股份有限公司,19004316
揚博科技股份有限公司,30929883
普安科技股份有限公司,84166074
卓越成功股份有限公司,22099786
怡利電子工業股份有限公司,59334664
宏達國際電子股份有限公司,16003518
國泰建設股份有限公司,03374306
國產建材實業股份有限公司,24060203
國揚實業股份有限公司,11603817
太平洋建設股份有限公司,11099009
全坤建設開發股份有限公司,04921056
太子建設開發股份有限公司,72058206
龍邦國際興業股份有限公司,22817273
中華工程股份有限公司,75094900
新亞建設開發股份有限公司,11762504
冠德建設股份有限公司,30900892
京城建設股份有限公司,06667446
宏璟建設股份有限公司,22344508
皇普建設股份有限公司,81271967
大華建設股份有限公司,11059409
宏盛建設股份有限公司,22221180
達欣工程股份有限公司,18997007
宏普建設股份有限公司,23113054
聯上開發股份有限公司,22659295
基泰建設股份有限公司,12251662
櫻花建設股份有限公司,22491640
愛山林建設開發股份有限公司,22190686
興富發建設股份有限公司,12305479
皇昌營造股份有限公司,34342717
皇翔建設股份有限公司,86379024
根基營造股份有限公司,43876760
日勝生活科技股份有限公司,12373243
華固建設股份有限公司,23358846
潤弘精密工程事業股份有限公司,66394146
益航股份有限公司,03353007
長榮海運股份有限公司,11337775
新興航運股份有限公司,11812103
裕民航運股份有限公司,47067419
長榮國際儲運股份有限公司,04406559
嘉里大榮物流股份有限公司,51015548
陽明海運股份有限公司,04200199
中華航空股份有限公司,11145904
志信國際股份有限公司,33853232
中國航運股份有限公司,43778070
中國貨櫃運輸股份有限公司,39014517
東森國際股份有限公司,04964250
萬海航運股份有限公司,11395000
山隆通運股份有限公司,33983853
台灣航業股份有限公司,03564713
長榮航空股份有限公司,23225229
亞洲航空股份有限公司,11381701
台灣高速鐵路股份有限公司,16446274
漢翔航空工業股份有限公司,97160544
台驊國際控股股份有限公司,22358734
慧洋海運股份有限公司,54958330
台灣宅配通股份有限公司,70624227
長榮航太科技股份有限公司,16097775
星宇航空股份有限公司,51712072
萬華企業股份有限公司,15415013
華園飯店股份有限公司,75560601
國賓大飯店股份有限公司,11636802
六福開發股份有限公司,11081274
第一華僑大飯店股份有限公司,11587957
晶華國際酒店股份有限公司,04268726
遠雄悅來大飯店股份有限公司,23986016
夏都國際開發股份有限公司,89434676
開曼美食達人股份有限公司,
王品餐飲股份有限公司,54321084
雄獅旅行社股份有限公司,04655091
寒舍餐旅管理顧問股份有限公司,70471881
雲品國際酒店股份有限公司,54023418
八方雲集國際股份有限公司,70472679
世界健身股份有限公司,
彰化商業銀行股份有限公司,51811609
台中商業銀行股份有限公司,51816908
旺旺友聯產物保險股份有限公司,03110001
中華票券金融股份有限公司,12198359
台灣產物保險股份有限公司,
臺灣中小企業銀行股份有限公司,03793407
高雄銀行股份有限公司,79854797
聯邦商業銀行股份有限公司,86380802
遠東國際商業銀行股份有限公司,86517096
安泰商業銀行股份有限公司,86928561
新光產物保險股份有限公司,03458403
中央再保險股份有限公司,11081991
第一產物保險股份有限公司,03359109
統一綜合證券股份有限公司,23218183
三商美邦人壽保險股份有限公司,84443471
華南金融控股股份有限公司,70826764
富邦金融控股股份有限公司,03374805
國泰金融控股股份有限公司,70827406
凱基金融控股股份有限公司,70827383
玉山金融控股股份有限公司,70796305
元大金融控股股份有限公司,70796749
兆豐金融控股股份有限公司,70796754
台新新光金融控股股份有限公司,80328055
國票金融控股股份有限公司,80330257
永豐金融控股股份有限公司,80333183
中國信託金融控股股份有限公司,80333992
第一金融控股股份有限公司,80351999
王道商業銀行股份有限公司,70745361
欣欣大眾市場股份有限公司,
遠東百貨股份有限公司,03521905
匯僑股份有限公司,12195466
三商投資控股股份有限公司,11052709
高林實業股份有限公司,11547230
特力股份有限公司,20795246
統領百貨股份有限公司,20937863
麗嬰房股份有限公司,04377371
統一超商股份有限公司,22555003
台灣農林股份有限公司,07525207
潤泰全球股份有限公司,14053007
鼎固控股有限公司,53021200
淘帝國際控股有限公司,54381224
永邑國際集團股份有限公司,
三商家購股份有限公司,54164937
歐格電子股份有限公司,31306250
健和興端子股份有限公司,59276051
豐達科技股份有限公司,16095404
神基控股股份有限公司,22099532
晶豪科技股份有限公司,16130280
大立光電股份有限公司,22480876
華立企業股份有限公司,75514419
今皓實業股份有限公司,
晟銘電子科技股份有限公司,04777186
聯陽半導體股份有限公司,84149717
全漢企業股份有限公司,84239055
嘉晶電子股份有限公司,16130388
奇鋐科技股份有限公司,86427715
隆銘綠能科技工程股份有限公司,96924451
亞洲光學股份有限公司,55921894
鴻名企業股份有限公司,84274833
威強電工業電腦股份有限公司,97445303
信邦電子股份有限公司,23542766
憶聲電子股份有限公司,44955117
星通資訊股份有限公司,22099863
禾伸堂企業股份有限公司,20891326
盛達電業股份有限公司,33659498
增你強股份有限公司,12401698
零壹科技股份有限公司,23449190
德律科技股份有限公司,23292535
佰鴻工業股份有限公司,34452164
偉訓科技股份有限公司,69577160
威健實業股份有限公司,04648938
聯詠科技股份有限公司,84149955
智原科技股份有限公司,84149060
文曄科技股份有限公司,84498860
欣興電子股份有限公司,23535435
全台晶像股份有限公司,89261652
遠見科技股份有限公司,22050221
揚智科技股份有限公司,84149054
台灣晶技股份有限公司,21204867
科風股份有限公司,22485794
健鼎科技股份有限公司,86379707
台灣大哥大股份有限公司,97176270
建碁股份有限公司,97306457
訊舟科技股份有限公司,22164580
益登科技股份有限公司,97099302
精金科技股份有限公司,70750217
鈺德科技股份有限公司,84785413
力特光電科技股份有限公司,16439169
夆典科技開發股份有限公司,20730758
立萬利創新股份有限公司,86143822
蔚華科技股份有限公司,22729784
富華創新股份有限公司,16264908
喬鼎資訊股份有限公司,22099738
立德電子股份有限公司,38019280
華晶科技股份有限公司,28184710
銘異科技股份有限公司,30897480
建漢科技股份有限公司,16594892
日電貿股份有限公司,84116878
鴻碩精密電工股份有限公司,86318408
聯傑國際股份有限公司,84149759
一零四資訊科技股份有限公司,84598349
凌航科技股份有限公司,16561718
耀登科技股份有限公司,23573774
正達國際光電股份有限公司,97049373
鈺寶科技股份有限公司,16372688
景岳生物科技股份有限公司,12715847
大量科技股份有限公司,43938484
眾福科技股份有限公司,16274722
景碩科技股份有限公司,70785139
全科科技股份有限公司,86027892
晟鈦股份有限公司,22570840
緯創資通股份有限公司,12868358
虹冠電子工業股份有限公司,16130417
昇陽建設企業股份有限公司,84141187
勝德國際研發股份有限公司,12702977
昇貿科技股份有限公司,04789211
聯德電子股份有限公司,22749711
閎暉實業股份有限公司,12956063
弘憶國際股份有限公司,89613636
同泰電子科技股份有限公司,23983947
泰碩電子股份有限公司,89858152
麗清科技股份有限公司,16992625
奇偶科技股份有限公司,16302558
新日興股份有限公司,35424073
明泰科技股份有限公司,12800392
玉晶光電股份有限公司,23572557
京鼎精密科技股份有限公司,12858252
融程電訊股份有限公司,96930209
譁裕實業股份有限公司,47250470
台端興業股份有限公司,22928881
榮創能源科技股份有限公司,70634323
創意電子股份有限公司,16299879
展達通訊股份有限公司,16045290
聯鈞光電股份有限公司,12624467
晶睿通訊股份有限公司,70703897
群創光電股份有限公司,12800225
誠研科技股份有限公司,70801588
維熹科技股份有限公司,80272361
揚明光學股份有限公司,12800061
華擎科技股份有限公司,80333613
柏騰科技股份有限公司,89732154
安馳科技股份有限公司,12676056
晶相光電股份有限公司,27298412
台塑勝高科技股份有限公司,89406518
嘉澤端子工業股份有限公司,22244141
晶彩科技股份有限公司,70720798
州巧科技股份有限公司,70526133
敦泰電子股份有限公司,28069900
聯穎科技股份有限公司,22488639
嘉威生活股份有限公司,27717512
牧德科技股份有限公司,16522758
聯合再生能源股份有限公司,27763753
辛耘企業股份有限公司,30901647
通嘉科技股份有限公司,80254357
艾笛森光電股份有限公司,12907747
瑞鼎科技股份有限公司,80532726
力銘科技股份有限公司,80617029
智易科技股份有限公司,12800294
宏致電子股份有限公司,97257738
谷崧精密工業股份有限公司,23414349
碩天科技股份有限公司,97474067
洋華光電股份有限公司,80260061
達邁科技股份有限公司,70776899
精聯電子股份有限公司,28913512
健策精密工業股份有限公司,22415854
世芯電子股份有限公司,27554073
貿聯控股(BizLink Holding Inc.),
圓展科技股份有限公司,28428722
"TPK Holding Co., Ltd.",
新至陞科技股份有限公司,36011776
達能科技股份有限公司,28823511
海華科技股份有限公司,27667787
大眾全球投資控股股份有限公司,27242184
大聯大控股股份有限公司,27928328
欣陸投資控股股份有限公司,28993629
合勤投資控股股份有限公司,28999503
永信國際投資控股股份有限公司,53004906
神達控股股份有限公司,53677966
上緯國際投資控股股份有限公司,43238308
日月光投資控股股份有限公司,29187308
永崴投資控股股份有限公司,24813370
富采控股股份有限公司,83202930
定穎投資控股股份有限公司,90302792
中化控股股份有限公司,00227087
聯嘉光電投資控股股份有限公司,60654582
佳醫健康事業股份有限公司,22854522
雃博股份有限公司,23632773
懷特生技新藥股份有限公司,16766281
旭富製藥科技股份有限公司,22662545
亞諾法生技股份有限公司,12974421
麗豐股份有限公司,
國光生物科技股份有限公司,33259508
全宇生技控股有限公司,54952764
訊映光電股份有限公司,27453928
承業生醫投資控股股份有限公司,24483414
佐登妮絲集團股份有限公司,83634971
炎洲股份有限公司,35894259
如興股份有限公司,49744324
利勤實業股份有限公司,16229261
廣越企業股份有限公司,89620361
冠星集團控股有限公司,54975464
宜新實業股份有限公司,54332940
振大環球股份有限公司,86010365
東台精機股份有限公司,88120872
瑞智精密股份有限公司,23603284
拓凱實業股份有限公司,52590175
全球傳動科技股份有限公司,29168533
銘鈺精密工業股份有限公司,12738623
智伸科技股份有限公司,22363342
力達控股有限公司,51016510
台灣氣立股份有限公司,22301178
永新控股股份有限公司,
強信機械科技股份有限公司,24788669
穎漢科技股份有限公司,28919500
元翎精密工業股份有限公司,23019109
時碩工業股份有限公司,24262159
六方科技股份有限公司,90838535
鈞興機電國際股份有限公司,
駐龍精密機械股份有限公司,23830154
大銀微系統股份有限公司,97413843
World Known MFG(Cayman)Limited,
台灣精銳科技股份有限公司,70647919
達明機器人股份有限公司,42643271
玖鼎電力資訊股份有限公司,27736932
德淵企業股份有限公司,04465521
國精化學股份有限公司,75975242
泰博科技股份有限公司,16584326
華廣生技股份有限公司,80310225
康普材料科技股份有限公司,86757124
台耀化學股份有限公司,96922622
三福化工股份有限公司,80170651
濟南大自然新材料股份有限公司,54397154
雙鍵化工股份有限公司,84754072
南寶樹脂化學工廠股份有限公司,74229304
上品綜合工業股份有限公司,36075449
望隼科技股份有限公司,53764125
日成控股股份有限公司,
遠傳電信股份有限公司,97179430
正文科技股份有限公司,22960571
聯德控股股份有限公司,54970427
致伸科技股份有限公司,28006928
事欣科技股份有限公司,13000192
新唐科技股份有限公司,28112646
泰鼎國際股份有限公司,
燦星網通股份有限公司,28986660
太極能源科技股份有限公司,28675574
茂林光電科技(開曼)股份有限公司,
和碩聯合科技股份有限公司,28689155
嘉彰股份有限公司,22164527
開曼康而富控股股份有限公司,
有成精密股份有限公司,80581850
凌通科技股份有限公司,80741441
光鋐科技股份有限公司,28334226
臻鼎科技控股股份有限公司,
誠美材料科技股份有限公司,27790294
天鈺科技股份有限公司,84149499
十銓科技股份有限公司,97418375
立積電子股份有限公司,80661880
佳凌科技股份有限公司,70848492
眾達科技股份有限公司,56616838
李長榮科技股份有限公司,97173920
傳奇網路遊戲股份有限公司,12975809
鑫禾科技股份有限公司,13012009
三星科技股份有限公司,68040606
訊連科技股份有限公司,23829868
科嘉(開曼)股份有限公司,
全訊科技股份有限公司,16130296
東科控股股份有限公司,90092965
達興材料股份有限公司,28357108
乙盛精密工業股份有限公司,28977162
弘凱光電股份有限公司,27877550
虹堡科技股份有限公司,84188062
祥碩科技股份有限公司,80688184
禾聯碩股份有限公司,80333058
經寶精密控股股份有限公司,53675030
界霖科技股份有限公司,12636560
開曼商豐祥控股股份有限公司,
華懋科技股份有限公司,23492169
桂盟國際股份有限公司,22099483
中磊電子股份有限公司,86690573
崇越科技股份有限公司,23621614
瀚宇博德股份有限公司,23225071
松翰科技股份有限公司,97063584
慧友電子股份有限公司,89639615
建國工程股份有限公司,46298200
隆大營建事業股份有限公司,85898033
工信工程股份有限公司,03028404
遠雄建設事業股份有限公司,04673318
順天建設股份有限公司,22764965
鄉林建設事業股份有限公司,23641822
皇鼎建設開發股份有限公司,23988653
長虹建設股份有限公司,04633597
開曼東明控股股份有限公司,
永固集團股份有限公司,42975165
遠雄自貿港投資控股股份有限公司,86121030
四維航業股份有限公司,12551801
鳳凰國際旅行社股份有限公司,11322915
中租控股股份有限公司,53013980
上海商業儲蓄銀行股份有限公司,03036306
合作金庫金融控股股份有限公司,53021433
台南生活(開曼)股份有限公司,
Grand Ocean RetailGroupLimited,
群益金鼎證券股份有限公司,22956035
群益期貨股份有限公司,97176335
競國實業股份有限公司,36084833
邁達特數位股份有限公司,16428796
鎰勝工業股份有限公司,22304288
瀚宇彩晶股份有限公司,16450500
迎廣科技股份有限公司,09497109
達運精密工業股份有限公司,23504361
上福全球科技股份有限公司,56625344
金橋科技股份有限公司,04865462
富爾特科技股份有限公司,86616791
亞翔工程股份有限公司,12204275
柏承科技股份有限公司,23750095
友勁科技股份有限公司,22099744
百一電子股份有限公司,89549585
嘉聯益科技股份有限公司,86980046
鈞寶電子工業股份有限公司,22306130
華興電子工業股份有限公司,34168978
浪凡網路科技股份有限公司,04386575
凌華科技股份有限公司,89593343
宏齊科技股份有限公司,89358419
瑞儀光電股份有限公司,22101208
達麗建設事業股份有限公司,04477420
關貿網路股份有限公司,97162640
大豐有線電視股份有限公司,96974228
豐藝電子股份有限公司,22151585
精成科技股份有限公司,81069921
巨路國際股份有限公司,14033663
帆宣系統科技股份有限公司,23145632
佳必琪國際股份有限公司,86701804
亞弘電科技股份有限公司,73710056
盛群半導體股份有限公司,16130330
詮欣股份有限公司,22115625
飛捷科技股份有限公司,21230513
今國光學工業股份有限公司,56654500
聯茂電子股份有限公司,97179403
精誠資訊股份有限公司,97311466
和椿科技股份有限公司,12304443
居易科技股份有限公司,16242320
聚鼎科技股份有限公司,16433242
天瀚科技股份有限公司,16253228
光鼎電子股份有限公司,22601800
尼得科超眾科技股份有限公司,34005476
華孚科技股份有限公司,35383165
力成科技股份有限公司,16082267
迅杰科技股份有限公司,16505809
矽格股份有限公司,23218022
台郡科技股份有限公司,16347324
同欣電子工業股份有限公司,04226986
宏正自動科技股份有限公司,12403422
台灣表面黏著科技股份有限公司,23722471
全國電子股份有限公司,22006252
康舒科技股份有限公司,12341051
淳安電子股份有限公司,89827686
啟碁科技股份有限公司,97331723
悅城科技股份有限公司,27340208
旭隼科技股份有限公司,28865032
群光電能科技股份有限公司,24284436
樺漢科技股份有限公司,70380046
矽力杰股份有限公司,
瑞祺電通股份有限公司,28488592
億而得微電子股份有限公司,12894399
統新光訊股份有限公司,13111161
光麗生技控股股份有限公司,
迅得機械股份有限公司,70753397
光紅建聖股份有限公司,97119975
元晶太陽能科技股份有限公司,28997300
藥華醫藥股份有限公司,70557655
鈺邦科技股份有限公司,28064644
訊芯科技控股股份有限公司,
GIS Holding Limited,
台灣數位光訊科技股份有限公司,28371951
保瑞藥業股份有限公司,28684877
安集科技股份有限公司,28580346
晶碩光學股份有限公司,25021158
南六企業股份有限公司,54374552
台塑石化股份有限公司,86522210
穎崴科技股份有限公司,13145774
捷敏股份有限公司,29102913
達發科技股份有限公司,12883169
愛普科技股份有限公司,53503847
晶心科技股份有限公司,27638046
正瀚生技股份有限公司,54313303
泰福生技股份有限公司,24336954
北極星藥業集團股份有限公司,24792045
易華電子股份有限公司,76025826
興能高科技股份有限公司,97430131
虹揚發展科技股份有限公司,53016234
研揚科技股份有限公司,53113073
台灣鋼聯股份有限公司,89528054
申豐特用應材股份有限公司,85841102
鼎基先進材料股份有限公司,81486019
台康生技股份有限公司,54150737
動力科技股份有限公司,12819717
和潤企業股份有限公司,16844548
Applied BioCode Corporation,
帝寶工業股份有限公司,59347422
建德工業股份有限公司,35309102
必應創造股份有限公司,54663862
基士德科技股份有限公司,54980656
金萬林企業股份有限公司,27348877
科定企業股份有限公司,80214519
華安醫學股份有限公司,53726093
聯策科技股份有限公司,13079649
羅麗芬控股股份有限公司,
中揚光電股份有限公司,54258218
緯穎科技服務股份有限公司,53687704
復盛應用科技股份有限公司,53091900
三能集團控股股份有限公司,
騰輝電子國際集團股份有限公司,
鋐寶科技股份有限公司,24456541
伊雲谷數位科技股份有限公司,54359763
洋基工程股份有限公司,30921756
芯鼎科技股份有限公司,28112890
旭暉應用材料股份有限公司,28722767
惠特科技股份有限公司,70697332
嘉基科技股份有限公司,53431627
力智電子股份有限公司,27983551
澤米科技股份有限公司,80137437
安普新股份有限公司,16540496
龍德造船工業股份有限公司,40607762
匯僑室內裝修設計股份有限公司,24775812
威鋒電子股份有限公司,29125676
台灣虎航股份有限公司,54381049
志強國際企業股份有限公司,56670868
力晶積成電子製造股份有限公司,28112667
平和環保科技股份有限公司,28371018
展碁國際股份有限公司,20773257
"AES Holding Co., Ltd.",
視陽光學股份有限公司,16693062
采鈺科技股份有限公司,80601119
永豐餘消費品實業股份有限公司,22327037
詠業科技股份有限公司,22864367
向榮生醫科技股份有限公司,50753953
晉弘科技股份有限公司,28113005
來頡科技股份有限公司,53089904
富世達股份有限公司,12871564
森崴能源股份有限公司,28653781
峰源集團股份有限公司,
汎銓科技股份有限公司,27853425
天二科技股份有限公司,83360971
圓裕企業股份有限公司,34417836
台新藥股份有限公司,53273211
PlayNitride Inc.,
睿生光電股份有限公司,69764396
三集瑞科技國際集團股份有限公司,
Arizon RFID Technology,
雲豹能源科技股份有限公司,42852207
泓德能源科技股份有限公司,45877096
全福生物科技股份有限公司,54346233
寶綠特資源再生工程股份有限公司,
來億興業股份有限公司,22694791
鑽石生技投資股份有限公司,53663724
走著瞧股份有限公司,53755364
現觀科技股份有限公司,85017777
創控科技股份有限公司,24496001
阜爾運通股份有限公司,12681939
華凌光電股份有限公司,16527682
愛派司生技股份有限公司,24461404
康霈生技股份有限公司,53942917
中台資源科技股份有限公司,12862116
榮惠集團(開曼)股份有限公司,
攸泰科技股份有限公司,53347451
青松健康股份有限公司,28659672
艾瑪斯科技控股股份有限公司,
永鴻國際生技股份有限公司,53703063
天虹科技股份有限公司,80211920
兆聯實業股份有限公司,27585625
沛爾生技醫藥股份有限公司,59229683
青新環境工程股份有限公司,16952840
大武山牧場科技股份有限公司,28554142
邦睿生技股份有限公司,42686138
裕慶金屬股份有限公司,54965803
日盛台駿國際租賃股份有限公司,20896434
ITH Corporation,
中傑投資控股股份有限公司,
成信實業股份有限公司,85031237
威力暘電子股份有限公司,28950255
富威電力股份有限公司,82921412
聯友金屬科技股份有限公司,50802223
聚賢研發股份有限公司,59075364
三商餐飲股份有限公司,97301707
永擎電子股份有限公司,54161333
微程式資訊股份有限公司,89798198
連加網路商業股份有限公司,24941093
暉盛科技股份有限公司,79979184
金興精密工業股份有限公司,23230525
虎山實業股份有限公司,34556891
熙特爾新能源股份有限公司,55118186
意騰科技股份有限公司,51007907
新代科技股份有限公司,89660813
中華資安國際股份有限公司,55765649
大研生醫國際股份有限公司,50784323
東方風能科技股份有限公司,82964333
松川精密股份有限公司,33923363
皇家可口股份有限公司,22265497
禾榮科技股份有限公司,56914371
台通光電股份有限公司,12362365
矽創電子股份有限公司,86735240
尖點科技股份有限公司,96912835
昇陽國際半導體股份有限公司,84149884
雷虎科技股份有限公司,52541175
台虹科技股份有限公司,16198345
達運光電股份有限公司,86880449
南亞電路板股份有限公司,16096804
長華電材股份有限公司,23307811
陞泰科技股份有限公司,97092770
致新科技股份有限公司,84149723
華冠通訊股份有限公司,70747852
瀚荃股份有限公司,23632274
錸寶科技股份有限公司,70766576
凌巨科技股份有限公司,16432742
華東科技股份有限公司,22101116
至上電子股份有限公司,22368959
振樺電子股份有限公司,12514341
福懋科技股份有限公司,23826736
南茂科技股份有限公司,16130042
微矽電子股份有限公司,22579547
達方電子股份有限公司,16081507
無敵科技股份有限公司,23163259
勤誠興業股份有限公司,05143647
志超科技股份有限公司,70801378
明基材料股份有限公司,16549778
寶一科技股份有限公司,04431804
菱光科技股份有限公司,16596646
富鼎先進電子股份有限公司,16550923
宇瞻科技股份有限公司,97444368
日友環保科技股份有限公司,89922041
建新國際股份有限公司,23250583
羅昇企業股份有限公司,12486062
百和興業股份有限公司(開曼),
福貞控股股份有限公司,96814573
可寧衛股份有限公司,16663026
金麗集團控股有限公司,53659910
昶昕實業股份有限公司,23509611
威宏控股股份有限公司,24790264
阿瘦實業股份有限公司,80511709
富邦媒體科技股份有限公司,27365925
柏文健康事業股份有限公司,27693238
潤泰精密材料股份有限公司,86871981
億豐綜合工業股份有限公司,28696894
美吉吉國際股份有限公司,
波力環球企業股份有限公司,24790428
山林水環境工程股份有限公司,27329077
台境企業股份有限公司,80369745
東哥企業股份有限公司,85798816
政伸企業股份有限公司,22396792
商億全球控股有限公司,
愛爾達科技股份有限公司,70542247
吉源控股股份有限公司,56601390
鼎炫投資控股股份有限公司,
台灣汽電共生股份有限公司,86685142
新天地國際實業股份有限公司,
高力熱處理工業股份有限公司,35319185
美德向邦醫療國際股份有限公司,
康師傅控股有限公司,
泰金寶科技股份有限公司,
神州數碼控股有限公司,
越南製造加工出口控股有限公司,
明輝環球企業有限公司,
聚亨企業集團(泰國)大眾有限公司,
同方友友控股有限公司,
晨訊科技集團有限公司,
巨騰國際控股有限公司,
鈺齊國際股份有限公司,
台火開發股份有限公司,03562308
寶成工業股份有限公司,58711014
大華金屬工業股份有限公司,04403363
欣巴巴事業股份有限公司,33428716
統一實業股份有限公司,73252657
大台北區瓦斯股份有限公司,11072304
豐泰企業股份有限公司,55637384
台灣櫻花股份有限公司,23113940
偉聯科技股份有限公司,20792640
美利達工業股份有限公司,59052361
中興保全科技股份有限公司,12148598
欣欣天然氣股份有限公司,33665843
康那香企業股份有限公司,74231126
巨大機械工業股份有限公司,56054251
台灣福興工業股份有限公司,75706009
台灣新光保全股份有限公司,12261768
新海瓦斯股份有限公司,35433242
泰銘實業股份有限公司,79875202
中國電視事業股份有限公司,18556774
秋雨創新股份有限公司,69439272
中聯資源股份有限公司,86119908
欣高石油氣股份有限公司,79882718
中鼎工程股份有限公司,20817282
成霖企業股份有限公司,30899261
慶豐富實業股份有限公司,59198197
全國加油站股份有限公司,22958907
台灣百和工業股份有限公司,09468343
宏全國際股份有限公司,58176511
信義房屋股份有限公司,22354940
裕融企業股份有限公司,23528130
茂順密封元件科技股份有限公司,61904541
好樂迪股份有限公司,84256265
新麗企業股份有限公司,33375909
潤泰創新國際股份有限公司,12139612
三發地產股份有限公司,84466749
佳龍科技工程股份有限公司,97211972
世紀鋼鐵結構股份有限公司,22649001
茂生農經股份有限公司,18795706
安心食品服務股份有限公司,23928945
德麥食品股份有限公司,23420497
漢來美食股份有限公司,80352343
台翰精密科技股份有限公司,22589593
精華光學股份有限公司,22195654
濱川企業股份有限公司,76404919
力肯實業股份有限公司,36253534
新麥企業股份有限公司,12461082
精剛精密科技股份有限公司,80334042
和勤精機股份有限公司,86985605
英屬開曼群島商駿吉控股(股)公司,53650116
祺驊股份有限公司,97432341
川寶科技股份有限公司,16860440
宏佳騰動力科技股份有限公司,80621419
台灣蠟品股份有限公司,22625269
生泰合成工業股份有限公司,72197621
合世生醫科技股份有限公司,97304042
訊聯生物科技股份有限公司,70836411
光洋應用材料科技股份有限公司,43787872
杏昌生技股份有限公司,23161816
金穎生物科技股份有限公司,16962158
易威生醫科技股份有限公司,16570131
寶利徠光學科技股份有限公司,84449952
富喬工業股份有限公司,16834268
唐榮鐵工廠股份有限公司,75460005
風青實業股份有限公司,89260422
世鎧精密股份有限公司,86637206
晉椿工業股份有限公司,30826319
世豐螺絲股份有限公司,31213886
世德工業股份有限公司,22546808
嘉鋼精密工業股份有限公司,66402912
精湛光學科技股份有限公司,89855649
雄順金屬股份有限公司,24512261
大甲永和機械工業股份有限公司,56615319
泰茂實業股份有限公司,86070187
謚源實業股份有限公司,22479934
綠意開發股份有限公司,12860948
台灣大車隊股份有限公司,27767961
正德海運股份有限公司,16467798
捷迅股份有限公司,12479610
晶悅國際飯店股份有限公司,
台鋼燦星國際旅行社股份有限公司,80355209
藝舍國際創新股份有限公司,28982799
雅茗天地股份有限公司,90727405
瓦城泰統股份有限公司,70843031
六角國際事業股份有限公司,80671769
易飛網國際旅行社股份有限公司,70464468
富野大飯店股份有限公司,29129201
天蔥國際股份有限公司,28581041
山富國際旅行社股份有限公司,22888987
五福旅行社股份有限公司,22835878
豆府股份有限公司,28841757
亞洲藏壽司股份有限公司,54669129
揚秦國際企業股份有限公司,42591908
聯發國際餐飲事業股份有限公司,80676602
滿心企業股份有限公司,12498877
開曼群島宏太股份有限公司,
誠品生活股份有限公司,27952966
集雅社股份有限公司,89266170
米斯特國際企業股份有限公司,53167020
振宇五金股份有限公司,29092696
寶陞國際股份有限公司,52330474
欣新網股份有限公司,54357012
泰偉電子股份有限公司,70613972
李洲科技股份有限公司,4541794
全域股份有限公司,4934334
協禧電機股份有限公司,90724033
天方能源科技股份有限公司,86298705
僑威科技股份有限公司,84573516
聯亞光電工業股份有限公司,16022634
中華網龍股份有限公司,70541704
創新新零售股份有限公司,
華義國際數位娛樂股份有限公司,84453385
艾訊股份有限公司,23718011
台灣港建股份有限公司,4655310
及成企業股份有限公司,33724081
穩懋半導體股份有限公司,70752257
好德科技股份有限公司,20799897
富育榮綱股份有限公司,86825235
進階生物科技股份有限公司,23348952
笙泉科技股份有限公司,16945166
昇銳電子股份有限公司,
弘塑科技股份有限公司,84355899
晶宏半導體股份有限公司,70392248
大綜電腦系統股份有限公司,86059612
璟德電子工業股份有限公司,16443570
精確實業股份有限公司,86406401
波若威科技股份有限公司,16586555
亞信電子股份有限公司,84149435
新洲全球股份有限公司,
基亞生物科技股份有限公司,70760897
公準精密工業股份有限公司,75940820
鑫龍騰開發股份有限公司,12667444
雲嘉南科技股份有限公司,86105242
樺晟電子股份有限公司,39607700
佰研生化科技股份有限公司,16313696
志豐電子股份有限公司,31109687
耀勝電子股份有限公司,86534980
順達科技股份有限公司,16596982
茂訊電腦股份有限公司,23631726
優群科技股份有限公司,22575850
大學光學科技股份有限公司,84926791
倚強科技股份有限公司,86865138
台灣嘉碩科技股份有限公司,16264983
三顧股份有限公司,16657495
至寶光電股份有限公司,
原相科技股份有限公司,16633261
金麗科技股份有限公司,16200855
錦明實業股份有限公司,22490277
昱捷股份有限公司,22731120
光環科技股份有限公司,16211142
千如電機工業股份有限公司,45011782
海灣國際開發(股)公司,84919932
鑫創科技股份有限公司,16766959
威剛科技股份有限公司,12861019
欣銓科技股份有限公司,70751779
台星科股份有限公司,70552666
海德威電子工業股份有限公司,86105539
東碩資訊股份有限公司,84126144
宇環科技股份有限公司,70684527
太普高精密影像股份有限公司,16469727
微端科技股份有限公司,89649873
廣寰科技股份有限公司,70360251
點晶科技股份有限公司,97334073
宜特科技股份有限公司,89845410
東浦精密光電股份有限公司,89347602
鈊象電子股份有限公司,23519738
英濟股份有限公司,86362776
杭特電子股份有限公司,23133690
岱稜科技股份有限公司,23842911
鼎天國際股份有限公司,16433708
佳穎精密企業股份有限公司,22948084
斐成開發科技股份有限公司,84341994
尼克森微電子股份有限公司,16752651
建舜電子製造股份有限公司,34145259
加百裕工業股份有限公司,16271936
雙鴻科技股份有限公司,16619628
旭品科技股份有限公司,96958986
幸康電子股份有限公司,86009297
泰谷光電科技股份有限公司,70774610
寶德科技股份有限公司,97483122
律勝科技股份有限公司,97330127
西北臺慶科技股份有限公司,86978512
尚立股份有限公司,9473845
先進光電科技股份有限公司,22301825
上詮光纖通信股份有限公司,84149462
台灣典範半導體股份有限公司,22101544
熱映光電股份有限公司,70590078
精材科技股份有限公司,13001684
彬台科技股份有限公司,5087498
崇越電通股份有限公司,84752200
旭軟電子科技股份有限公司,16674213
漢科系統科技股份有限公司,23830295
台興電子企業股份有限公司,12499995
奇鈦科技股份有限公司,16297788
哲固資訊科技股份有限公司,84354060
台灣類比科技股份有限公司,16795912
聯一光電股份有限公司,52888437
利機企業股份有限公司,84355650
由田新技股份有限公司,86710418
進泰電子科技股份有限公司,84232790
德晉科技股份有限公司,12375925
安勤科技股份有限公司,70604376
力致科技股份有限公司,16266820
崧騰企業股份有限公司,86834614
森寶開發股份有限公司,86140894
單井工業股份有限公司,23393652
昇達科技股份有限公司,16999508
長盛科技股份有限公司,84846066
陽程科技股份有限公司,36049822
環天世通科技股份有限公司,70498381
位速科技股份有限公司,12894840
矽瑪科技股份有限公司,80611545
皇龍開發股份有限公司,86746561
亞帝歐光電股份有限公司,86410720
華盈電子股份有限公司,22071540
鴻翊國際股份有限公司,22023793
御頂國際股份有限公司,
迎輝科技股份有限公司,16366341
凡甲科技股份有限公司,16691156
聚積科技股份有限公司,16948543
力旺電子股份有限公司,70784292
先益電子工業股份有限公司,52543363
堡達實業股份有限公司,22625795
曜越科技股份有限公司,70669172
西柏科技股份有限公司,23975263
宇峻奧汀科技股份有限公司,89521257
兆利科技工業股份有限公司,27393491
世禾科技股份有限公司,16044341
同致電子企業股份有限公司,55900791
博士旺創新股份有限公司,80551862
禾瑞亞科技股份有限公司,80342958
神準科技股份有限公司,28496495
其陽科技股份有限公司,12658515
逸昌科技股份有限公司,12613567
大塚資訊科技股份有限公司,16088678
泓格科技股份有限公司,84517297
友威科技股份有限公司,80072814
博磊科技股份有限公司,16889100
閎康科技股份有限公司,79959286
磐儀科技股份有限公司,84469443
映興電子股份有限公司,22306125
三一東林科技股份有限公司,13073151
鼎翰科技股份有限公司,28624652
安可光電股份有限公司,28812887
富晶通科技股份有限公司,70791435
光頡科技股份有限公司,16130084
西勝國際股份有限公司,96969724
盈正豫順電子股份有限公司,16444732
地心引力股份有限公司,12898395
新鉅科技股份有限公司,70748276
晟楠科技股份有限公司,15979384
研勤科技股份有限公司,12894047
艾恩特精密工業股份有限公司,16870474
鑫科材料科技股份有限公司,16827203
安瑞科技股份有限公司,28984305
光耀科技股份有限公司,27397031
康聯訊科技股份有限公司,16744506
德微科技股份有限公司,89672698
家登精密工業股份有限公司,16406379
榮昌科技股份有限公司,60265449
元創精密車業股份有限公司,52811070
茂為歐買尬數位科技股份有限公司,70444999
湧德電子股份有限公司,27642463
碩禾電子材料股份有限公司,80433079
營邦企業股份有限公司,96994977
漢磊科技股份有限公司,54389725
鑫聯大投資控股股份有限公司,51512503
連展投資控股股份有限公司,51608205
新晶投資控股股份有限公司,83423700
永日化學工業股份有限公司,56620559
台灣東洋藥品工業股份有限公司,11821341
邦特生物科技股份有限公司,86306206
加捷生醫股份有限公司,89415241
濟生醫藥生技股份有限公司,47154259
聯上實業股份有限公司,16126477
健喬信元醫藥生技股份有限公司,43199950
明基三豐醫療器材股份有限公司,23285106
友華生技醫藥股份有限公司,12397982
優盛醫學科技股份有限公司,23123644
晟德大藥廠股份有限公司,18606304
太平洋醫材股份有限公司,20765714
天良生物科技企業股份有限公司,85086859
中天生物科技股份有限公司,70555349
聯合骨科器材股份有限公司,22099982
健亞生物科技股份有限公司,84149006
浩泰精準股份有限公司,16680539
曜亞國際股份有限公司,80527809
馬光保健控股股份有限公司,28993894
中裕新藥股份有限公司,28707338
鈺緯科技開發股份有限公司,89376900
樂威科股份有限公司,42949701
太景醫藥研發控股股份有限公司,
訊聯基因數位股份有限公司,24268870
聿新生物科技股份有限公司,16930971
智擎生技製藥股份有限公司,80264691
鐿鈦科技股份有限公司,27473348
松瑞製藥股份有限公司,80642673
台灣醣聯生技醫藥股份有限公司,12683520
瑞基海洋生物科技股份有限公司,27489806
久裕企業股份有限公司,5071926
台灣浩鼎生技股份有限公司,13110677
杏一醫療用品股份有限公司,86649006
福永生物科技股份有限公司,80064027
安克生醫股份有限公司,24316471
杏國新藥股份有限公司,29118865
欣大健康投資控股股份有限公司,54154754
中華食品實業股份有限公司,76316325
環泰企業股份有限公司,12529007
信立化學工業股份有限公司,72104709
勝昱科技股份有限公司,12413104
世坤塑膠股份有限公司,
東隆興業股份有限公司,18770509
福大材料科技股份有限公司,
新昕纖維股份有限公司,7652202
飛寶企業股份有限公司,22676914
三圓建設股份有限公司,7648290
金洲海洋科技股份有限公司,91871595
皇家國際美食股份有限公司,86124493
光明絲織廠股份有限公司,29576307
耀億工業股份有限公司,59021804
銘旺實業股份有限公司,22069170
興采實業股份有限公司,23282425
竣邦國際股份有限公司,83505272
健信科技工業股份有限公司,55878947
金雨企業股份有限公司,59260902
崇友實業(股)公司,4416894
高鋒工業股份有限公司,55857746
福裕事業股份有限公司,55848584
永彰科技股份有限公司,22522361
(方方土)霖冷凍機械股份有限公司,
江興鍛壓工業股份有限公司,52604255
淳紳股份有限公司,22662904
宏易創新國際股份有限公司,36243760
協易機械工業股份有限公司,36096704
慶騰精密科技股份有限公司,84189908
至興精機股份有限公司,22794503
大詠城機械股份有限公司,60256758
晟田科技工業股份有限公司,86263092
科嶠工業股份有限公司,70730016
萬在工業股份有限公司,22212598
桓達科技股份有限公司,80132123
長佳機電工程股份有限公司,84271478
橙的電子股份有限公司,27601913
旭然國際股份有限公司,1517102
寶緯工業股份有限公司,23209895
健椿工業股份有限公司,59362767
百德機械股份有限公司,86195222
科際精密股份有限公司,54705928
達航科技股份有限公司,86078580
捷流閥業股份有限公司,15877936
君帆工業股份有限公司,69777435
唐鋒實業股份有限公司,34097236
中美聯合實業股份有限公司,11121403
大恭化學工業股份有限公司,11051504
磐亞股份有限公司,5712099
永純化學工業股份有限公司,35108702
福格創新股份有限公司,43696296
永捷創新科技股份有限公司,86123874
大立高分子工業股份有限公司,85004174
美琪瑪國際股份有限公司,86688957
永昕生物醫藥股份有限公司,12905993
雙美生物科技股份有限公司,
熒茂光學股份有限公司,27800048
豪展醫療科技股份有限公司,96965874
泓瀚科技股份有限公司,80627878
合一生技股份有限公司,29108260
皇將科技股份有限公司,80234971
合富醫療控股股份有限公司,
強生化學製藥廠股份有限公司,35348007
國碳科技股份有限公司,16446422
勤凱科技股份有限公司,28732006
誠泰工業科技股份有限公司,88744414
晶呈科技股份有限公司,53278617
大略國際控股有限公司,
桂田文創娛樂股份有限公司,70557661
聯合光纖通信股份有限公司,21223267
台聯電訊股份有限公司,23882531
富宇地產股份有限公司,22099391
前鼎光電股份有限公司,16634613
新復興微波通訊股份有限公司,45163295
德英生物科技股份有限公司,80225425
力士科技股份有限公司,28733011
欣厚科技股份有限公司,53025260
新盛力科技股份有限公司,70848850
友輝光電股份有限公司,80660088
亞洲電材股份有限公司,80494173
陞達科技股份有限公司,70576858
紅心辣椒娛樂科技股份有限公司,28222209
牧東光電股份有限公司,
精拓科技股份有限公司,80333472
緯創軟體股份有限公司,86714857
譜瑞科技股份有限公司,28422591
英特磊科技股份有限公司,54380251
湯石照明科技股份有限公司,86831927
廣穎電通股份有限公司,80161908
亞泰影像科技股份有限公司,80640083
華星光通科技股份有限公司,12927477
科誠股份有限公司,84152965
環宇通訊半導體控股股份有限公司,53008500
晶達光電股份有限公司,70783202
榮剛材料科技股份有限公司,84252697
久陽精密股份有限公司,7926511
強新工業股份有限公司,84703335
建錩實業股份有限公司,43912787
華祺工業股份有限公司,12494555
松和工業股份有限公司,85611896
凱衛資訊股份有限公司,21261212
力新國際科技股份有限公司,22645531
中茂能資系統整合科技(股)公司,23533366
坤悅開發股份有限公司,4738240
新鼎系統股份有限公司,22619999
寶碩財務科技股份有限公司,23131763
蒙恬科技股份有限公司,86287778
凌網科技股份有限公司,16541333
亞昕國際開發股份有限公司,89961389
萬達光電科技股份有限公司,80082329
安力國際股份有限公司,53000726
蓋曼立凱電能科技(股)公司,
鈺鎧科技股份有限公司,86667046
雷笛克光學股份有限公司,28951775
凌陽創新科技股份有限公司,28112364
智晶光電股份有限公司,28023412
天鉞電子股份有限公司,86710851
智崴資訊科技股份有限公司,13158496
笙科電子股份有限公司,27952369
信驊科技股份有限公司,27490748
達輝股份有限公司,54018908
尚凡國際創新科技股份有限公司,80283629
數字科技股份有限公司,94538
宜鼎國際股份有限公司,27565769
邑昇實業股份有限公司,84808400
杰力科技股份有限公司,28935446
寶得利國際股份有限公司,30866141
太欣半導體股份有限公司,47255828
系統電子工業股份有限公司,20768310
天剛資訊股份有限公司,23534251
寶島光學科技股份有限公司,23530966
世紀民生科技股份有限公司,22099815
光聯科技股份有限公司,22100405
美而快國際股份有限公司,44043132
士林開發股份有限公司,5147030
華容股份有限公司,76409479
建榮工業材料股份有限公司,86691377
立衛科技股份有限公司,22099316
天揚精密科技股份有限公司,
世界先進積體電路股份有限公司,84149358
正能量智能股份有限公司,22099673
鈺創科技股份有限公司,22099694
台林電通股份有限公司,12278439
佳總興業股份有限公司,23063420
協益電子股份有限公司,35229109
力麗觀光開發股份有限公司,23615486
中強光電股份有限公司,22099907
合正科技股份有限公司,86332422
金利精密工業股份有限公司,35317291
青雲國際科技股份有限公司,21224842
能率創新股份有限公司,84901089
慕康生技醫藥股份有限公司,4669623
中菲電腦股份有限公司,12358067
國眾電腦股份有限公司,1517124
台灣半導體股份有限公司,34286449
振發實業股份有限公司,35320697
新門科技股份有限公司,23746488
東友科技股份有限公司,16091527
高技企業股份有限公司,22773079
均豪精密工業股份有限公司,33838628
南良國際股份有限公司,23438530
佶優科技股份有限公司,86266274
昇益開發股份有限公司,86233176
宣德科技股份有限公司,23866949
同協電子股份有限公司,33701355
霖宏科技股份有限公司,89396770
富驊企業股份有限公司,36270626
凱鈺科技股份有限公司,84149245
聰泰科技開發股份有限公司,23902678
德宏工業股份有限公司,97178087
智冠科技股份有限公司,81231585
新華泰富股份有限公司,23790625
中美矽晶製品股份有限公司,47238650
通泰積體電路股份有限公司,22321575
松普科技股份有限公司,43900488
彩富電子股份有限公司,86157450
同亨科技股份有限公司,84149929
三聯科技股份有限公司,3051501
凱崴電子股份有限公司,97326828
永信建設開發股份有限公司,22417810
德昌營造股份有限公司,22132814
力麒建設股份有限公司,86690644
三豐建設股份有限公司,22817225
雙喜營造股份有限公司,47254476
力泰建設企業股份有限公司,66410981
豐謙建設股份有限公司,66629349
鉅陞國際開發股份有限公司,58250510
龍巖股份有限公司,22415496
聖暉工程科技股份有限公司,52524653
桓鼎股份有限公司,28994275
安倉營造股份有限公司,4267141
臺聯貨櫃通運股份有限公司,701122
陸海股份有限公司,4927158
中連誠企業股份有限公司,51125209
中菲行國際物流股份有限公司,1176152
劍湖山世界股份有限公司,22265047
亞都麗緻大飯店股份有限公司,12144501
知本老爺大酒店股份有限公司,23637974
致和證券股份有限公司,23530683
台名保險經紀人股份有限公司,80287239
德記洋行股份有限公司,22358925
全家便利商店股份有限公司,23060248
寶雅國際股份有限公司,97151664
南仁湖育樂股份有限公司,23524280
宏遠證券股份有限公司,3027502
康和綜合證券股份有限公司,23824511
大展證券股份有限公司,22955802
美好證券股份有限公司,22957098
元大期貨股份有限公司,97179282
福邦證券股份有限公司,23471214
寬魚國際股份有限公司,23466893
合邦電子股份有限公司,84149569
創惟科技股份有限公司,97435451
亞元科技股份有限公司,23727428
大宇資訊股份有限公司,16612907
亞矽科技股份有限公司,22033899
久威國際股份有限公司,43880075
建達國際股份有限公司,89621848
新普科技股份有限公司,86620351
擎邦國際科技工程股份有限公司,5114306
上奇科技股份有限公司,86162989
業強科技股份有限公司,84900878
廣運機械工程股份有限公司,4757891
信音企業股份有限公司,47122187
九豪精密陶瓷股份有限公司,86412635
普誠科技股份有限公司,22050539
上亞科技股份有限公司,84659035
萬旭電業股份有限公司,22522622
茂達電子股份有限公司,16252902
訊達電腦股份有限公司,30990747
振曜科技股份有限公司,16084080
得利影視股份有限公司,89398566
耕興股份有限公司,97491093
頎邦科技股份有限公司,16130009
驊宏資通股份有限公司,86468118
撼訊科技股份有限公司,16238655
晉倫科技股份有限公司,12390496
順發電腦股份有限公司,89743949
松上電子股份有限公司,22944019
禾昌興業股份有限公司,22006020
欣技資訊股份有限公司,23058518
捷波資訊股份有限公司,22178466
華電聯網股份有限公司,84778623
久正光電股份有限公司,22100566
昱泉國際股份有限公司,23296194
統振股份有限公司,12135600
大城地產股份有限公司,89596101
信昌電子陶瓷股份有限公司,23641338
安碁科技股份有限公司,22100469
立敦科技(股)有限公司,84607396
亞通利大能源股份有限公司,89491275
遊戲橘子數位科技股份有限公司,89550029
合晶科技股份有限公司,16138282
幃翔精密股份有限公司,22906009
新潤興業股份有限公司,16318881
萬潤科技股份有限公司,97015768
廣明光電股份有限公司,16836218
萬泰科技股份有限公司,4674153
育富電子股份有限公司,45082694
詩肯股份有限公司,66259943
瑞築建設股份有限公司,16759177
天品聯合企業股份有限公司,84228281
海韻電子工業股份有限公司,4329168
台灣艾華電子工業股份有限公司,43408984
雷科股份有限公司,22837088
日揚科技股份有限公司,16101031
慶生電子股份有限公司,45190379
理銘開發股份有限公司,7611076
中國探針股份有限公司,22059031
豪勉科技股份有限公司,12223097
富旺國際開發股份有限公司,97447647
岳豐科技股份有限公司,45911735
晉泰科技股份有限公司,84981323
上揚科技股份有限公司,
旺矽科技股份有限公司,89647050
茂綸股份有限公司,20811962
全譜科技股份有限公司,84560006
研通科技股份有限公司,24542976
系微股份有限公司,16627697
旺玖科技股份有限公司,16177572
高僑自動化科技股份有限公司,23712277
中湛股份有限公司,16094290
驊訊電子企業股份有限公司,86315535
松崗數位文創股份有限公司,
易通展科技股份有限公司(原享承),
立康生醫事業股份有限公司,12549828
茂迪股份有限公司,20889546
立端科技股份有限公司,22327466
臺龍電子股份有限公司,12386388
沛波鋼鐵股份有限公司,38432767
百徽股份有限公司,84497335
久元電子股份有限公司,86244737
普萊德科技股份有限公司,84117341
富裔實業股份有限公司,97477509
方方土昶股份有限公司,
泰詠電子股份有限公司,23576977
倍微科技股份有限公司,86882278
台燿科技股份有限公司,4226091
元山科技工業股份有限公司,22264722
安鈦克科技股份有限公司,34235759
胡連精密股份有限公司,20759430
佳邦科技股份有限公司,16599215
元隆電子股份有限公司,22099174
良維科技股份有限公司,11298247
沛亨半導體股份有限公司,86541238
迅德興業股份有限公司,22133530
智基科技開發股份有限公司,97306837
中國通訊多媒體集團有限公司,
晶焱科技股份有限公司,28081989
韋僑科技股份有限公司,16877131
詠昇電子股份有限公司,22774892
京晨科技股份有限公司,28212547
易發精機股份有限公司,22994919
今展科技股份有限公司,12688172
大中積體電路股份有限公司,28112723
廣錠科技股份有限公司,53562649
紘康科技股份有限公司,28751690
益得生物科技股份有限公司,53104031
神盾股份有限公司,28835517
威潤科技股份有限公司,24497254
大樹醫藥股份有限公司,12803476
宇智網通股份有限公司,27375986
弘煜科技事業股份有限公司,25064206
點序科技股份有限公司,28927852
互動國際數位股份有限公司,80192260
環球晶圓股份有限公司,28113286
生華生物科技股份有限公司,54021973
九齊科技股份有限公司,28509490
科懋生物科技股份有限公司,23024594
益安生醫股份有限公司,54150856
雙邦實業股份有限公司,
惠光股份有限公司,69546202
聚和國際股份有限公司,4243562
中華精測科技股份有限公司,27879121
啟發電子股份有限公司,28133327
芮特科技股份有限公司,54399049
勤崴國際科技股份有限公司,28835663
保勝光學股份有限公司,55174031
達爾膚生醫科技股份有限公司,80167706
明達醫學科技股份有限公司,25057697
創威光電股份有限公司,13067290
瑞耘科技股份有限公司,16394917
順天醫藥生技股份有限公司,12663974
倉和股份有限公司,84819223
隆中網絡股份有限公司,53114404
正基科技股份有限公司,12673109
高端疫苗生物製劑股份有限公司,53943057
長華科技股份有限公司,70849957
勝品電通股份有限公司,53184695
欣普羅光電股份有限公司,70643081
是方電訊股份有限公司,86000036
宏觀微電子股份有限公司,28514260
醫揚科技股份有限公司,29135647
維田科技股份有限公司,27271130
霈方國際股份有限公司,80281973
逸達生物科技股份有限公司,54165507
勁豐電子股份有限公司,70565509
達邦蛋白生技股份有限公司,13000453
南俊國際股份有限公司,36268804
東典光電科技股份有限公司,70507419
台康生技股份有限公司,54150737
普鴻資訊股份有限公司,70584647
台灣銘板股份有限公司,20675832
寬宏藝術經紀股份有限公司,27530185
富強鑫精密工業股份有限公司,86122164
台灣瀧澤科技股份有限公司,44549792
應用奈米醫材科技股份有限公司,28113167
朋億股份有限公司,16034271
慧智基因股份有限公司,53710986
特昇國際股份有限公司,58203904
萬年清環境工程股份有限公司,16863495
泰金投資控股股份有限公司,43015307
均華精密工業股份有限公司,53186146
富致科技股份有限公司,70670235
&#20870;星科技股份有限公司,
台灣生醫材料股份有限公司,54008079
全宇昕科技股份有限公司,13063718
天正國際精密機械股份有限公司,53900846
威健股份有限公司,80158777
樂斯科生物科技股份有限公司,12862410
群翊工業股份有限公司,23555277
信紘科技股份有限公司,89728356
鈺太科技股份有限公司,27979753
鑫創電子股份有限公司,24332747
雍智科技股份有限公司,28398895
安格科技股份有限公司,53172585
安碁資訊股份有限公司,70565450
進金生能源服務股份有限公司,24758118
廣閎科技股份有限公司,28870892
東捷資訊服務股份有限公司,23929058
軒郁國際股份有限公司,24347235
天擎積體電路股份有限公司,12748729
長聖國際生技股份有限公司,60274720
應廣科技股份有限公司,27619977
信實保全股份有限公司,24210110
亞泰金屬工業股份有限公司,4393941
上洋產業股份有限公司,12978735
昇佳電子股份有限公司,25079572
博晟生醫股份有限公司,42404010
美達科技股份有限公司,12743344
"91APP, Inc.",
亨泰光學股份有限公司,4342697
智聯服務股份有限公司,57604000
叡揚資訊股份有限公司,22425662
穩得實業股份有限公司,5052033
達亞國際股份有限公司,27491562
綠界科技股份有限公司,97025978
台灣微創醫療器材股份有限公司,25098389
昱展新藥生技股份有限公司,52310651
華景電通股份有限公司,12613876
虎門科技股份有限公司,30921876
崑鼎綠能環保股份有限公司,70758512
明係事業股份有限公司,5839152
宏碁資訊服務股份有限公司,53739409
聯寶電子股份有限公司,23065258
濾能股份有限公司,54795527
千附精密股份有限公司,83599094
東研信超股份有限公司,22652384
長佳智能股份有限公司,50824681
進典工業股份有限公司,35924015
諾貝兒寶貝股份有限公司,16115725
綠茵生技股份有限公司,54059626
數泓科技股份有限公司,28345862
鑫傳國際多媒體科技股份有限公司,16089901
伯特光電股份有限公司,70848654
偉康科技股份有限公司,16590299
騰雲科技服務股份有限公司,45900358
倍力資訊股份有限公司,70435529
國邑藥品科技股份有限公司,70516563
鏵友益科技股份有限公司,24664196
潤德室內裝修設計工程(股)公司,86306655
衛司特科技股份有限公司,12739475
宏碩系統股份有限公司,80112843
創為精密材料股份有限公司,70515157
伯鑫工具股份有限公司,55982771
宸曜科技股份有限公司,29169532
佑全藥品股份有限公司,70741647
家碩科技股份有限公司,47086838
邑錡股份有限公司,80538664
意德士科技股份有限公司,70381684
佑華微電子股份有限公司,86806602
鈦昇科技股份有限公司,22101002
光菱電子股份有限公司,22626725
榮群電訊股份有限公司,86001464
長園科技實業股份有限公司,16207745
九暘電子股份有限公司,16069953
臺灣金山電子工業股份有限公司,3550210
蜜望實企業股份有限公司,23310983
網路家庭國際資訊股份有限公司,16606102
星雲電腦股份有限公司,23360202
德勝科技股份有限公司,5094603
晶采光電科技股份有限公司,16440433
廣積科技股份有限公司,70479315
安國國際科技股份有限公司,70455720
凱碩科技股份有限公司,16631735
東捷科技股份有限公司,16491312
來思達國際企業股份有限公司,84149821
志旭國際股份有限公司,23286631
全達國際股份有限公司,16003714
元太科技工業股份有限公司,22099890
能率網通股份有限公司,84415355
鉅橡企業股份有限公司,96865657
伍豐科技股份有限公司,89961466
洛碁實業股份有限公司,89211393
印鉐事業股份有限公司,
瑞穎股份有限公司,16264415
巨虹電子股份有限公司,84630087
福華電子股份有限公司,11825450
宏捷科技股份有限公司,16130423
華鎂鑫科技股份有限公司,
品安科技股份有限公司,84750054
康全電訊股份有限公司,23727877
翔名科技股份有限公司,86436593
建暐精密科技股份有限公司,76470282
保銳科技股份有限公司,23725553
擎亞電子股份有限公司,16099112
常珵科技股份有限公司,22206879
大同世界科技股份有限公司,70771557
大億金茂股份有限公司,16359284
博大科技股份有限公司,86757291
立碁電子工業股份有限公司,23378792
越峰電子材料股份有限公司,
正淩精密工業股份有限公司,22324051
博智電子股份有限公司,89495531
天宇工業股份有限公司,38426929
智捷科技股份有限公司,84149408
加高電子股份有限公司,75914885
台灣精星科技股份有限公司,23984925
巨有科技股份有限公司,86169913
新漢股份有限公司,86891972
華宏新技股份有限公司,83428825
朋程科技股份有限公司,16748101
商丞科技股份有限公司,84783772
生展生物科技股份有限公司,16130471
三竹資訊股份有限公司,
泰藝電子股份有限公司,70540563
尚茂電子材料股份有限公司,
群聯電子股份有限公司,12649951
益張實業股份有限公司,22492367
恒耀國際股份有限公司,
冠好科技股份有限公司,86779099
金居開發股份有限公司,16447610
千附實業股份有限公司,12378253
金益鼎企業股份有限公司,
白紗科技印刷股份有限公司,
盛弘醫藥股份有限公司,80563852
商之器科技股份有限公司,22743619
森田印刷廠股份有限公司,68682185
大成國際鋼鐵股份有限公司,28754606
實威國際股份有限公司,27746072
明揚國際科技股份有限公司,28288026
旭源包裝科技股份有限公司,27476083
保綠資源股份有限公司,53003483
惠普股份有限公司,12371385
紅木集團有限公司,53003863
匯鑽科技股份有限公司,29061764
東生華製藥股份有限公司,53093421
弘帆股份有限公司,12547173
台灣鉅邁股份有限公司,12137902
大江生醫股份有限公司,12292039
大地幼教股份有限公司,
綠電再生股份有限公司,16636181
綠河股份有限公司,54387326
華研國際音樂股份有限公司,16842491
霹靂國際多媒體股份有限公司,97053241
蓋曼群島商日本大拓股份有限公司,54385657
夠麻吉股份有限公司,25145643
創業家兄弟股份有限公司,
三貝德數位文創股份有限公司,28443147
裕國冷凍冷藏股份有限公司,23641978
花王企業股份有限公司,33742362
欣雄天然氣股份有限公司,7861475
光隆實業股份有限公司,33111800
欣泰石油氣股份有限公司,22000004
沈氏藝術印刷股份有限公司,15820097
時報文化出版企業股份有限公司,1405937
大田精密工業股份有限公司,23060009
北基國際股份有限公司,23218091
鉅明股份有限公司,85634075
富堡工業股份有限公司,30851864
青鋼應用材料股份有限公司,69797158
大園汽電共生股份有限公司,84526079
智通科創股份有限公司,35892013
愛地雅工業股份有限公司,97506791
邦泰複合材料股份有限公司,52784171
國統國際股份有限公司,91888619
合騏工業股份有限公司,66338721
明安國際企業股份有限公司,22532826
關中股份有限公司,14062738
森鉅科技材料股份有限公司,89845559
琉園股份有限公司,84767175
萬國通路股份有限公司,73644351
皇田工業股份有限公司,73707377
邁達康網路事業股份有限公司,16824183
有益鋼鐵股份有限公司,96862363
